employee_id,employee_name,gender,team_id,manager_id,process_id,country_id,shift_id,hire_date,status
E0001,"Aarav Sharma",Male,T001,M001,P001,C001,S001,2022-02-02,Active
E0002,"Vivaan Sharma",Female,T002,M002,P002,C002,S002,2023-03-03,Active
E0003,"Aditya Sharma",Male,T003,M003,P003,C003,S003,2024-04-04,Active
E0004,"Arjun Sharma",Female,T004,M004,P004,C004,S004,2025-05-05,Active
E0005,"Sai Sharma",Male,T005,M005,P005,C005,S001,2021-06-06,Active
E0006,"Rahul Sharma",Female,T006,M006,P001,C001,S002,2022-07-07,Active
E0007,"Rohit Sharma",Male,T001,M001,P002,C002,S003,2023-08-08,Active
E0008,"Kiran Sharma",Female,T002,M002,P003,C003,S004,2024-09-09,Active
E0009,"Akash Sharma",Male,T003,M003,P004,C004,S001,2025-10-10,Active
E0010,"Amit Sharma",Female,T004,M004,P005,C005,S002,2021-11-11,Inactive
E0011,"Priya Sharma",Male,T005,M005,P001,C001,S003,2022-12-12,Active
E0012,"Ananya Sharma",Female,T006,M006,P002,C002,S004,2023-01-13,Active
E0013,"Sneha Sharma",Male,T001,M001,P003,C003,S001,2024-02-14,Active
E0014,"Pooja Sharma",Female,T002,M002,P004,C004,S002,2025-03-15,Active
E0015,"Neha Sharma",Male,T003,M003,P005,C005,S003,2021-04-16,Active
E0016,"Kavya Sharma",Female,T004,M004,P001,C001,S004,2022-05-17,Active
E0017,"Divya Sharma",Male,T005,M005,P002,C002,S001,2023-06-18,Active
E0018,"Meera Sharma",Female,T006,M006,P003,C003,S002,2024-07-19,Active
E0019,"Nisha Sharma",Male,T001,M001,P004,C004,S003,2025-08-20,Active
E0020,"Swathi Sharma",Female,T002,M002,P005,C005,S004,2021-09-21,Inactive
E0021,"Aarav Reddy",Male,T003,M003,P001,C001,S001,2022-10-22,Active
E0022,"Vivaan Reddy",Female,T004,M004,P002,C002,S002,2023-11-23,Active
E0023,"Aditya Reddy",Male,T005,M005,P003,C003,S003,2024-12-24,Active
E0024,"Arjun Reddy",Female,T006,M006,P004,C004,S004,2025-01-25,Active
E0025,"Sai Reddy",Male,T001,M001,P005,C005,S001,2021-02-26,Active
E0026,"Rahul Reddy",Female,T002,M002,P001,C001,S002,2022-03-27,Active
E0027,"Rohit Reddy",Male,T003,M003,P002,C002,S003,2023-04-28,Active
E0028,"Kiran Reddy",Female,T004,M004,P003,C003,S004,2024-05-01,Active
E0029,"Akash Reddy",Male,T005,M005,P004,C004,S001,2025-06-02,Active
E0030,"Amit Reddy",Female,T006,M006,P005,C005,S002,2021-07-03,Inactive
E0031,"Priya Reddy",Male,T001,M001,P001,C001,S003,2022-08-04,Active
E0032,"Ananya Reddy",Female,T002,M002,P002,C002,S004,2023-09-05,Active
E0033,"Sneha Reddy",Male,T003,M003,P003,C003,S001,2024-10-06,Active
E0034,"Pooja Reddy",Female,T004,M004,P004,C004,S002,2025-11-07,Active
E0035,"Neha Reddy",Male,T005,M005,P005,C005,S003,2021-12-08,Active
E0036,"Kavya Reddy",Female,T006,M006,P001,C001,S004,2022-01-09,Active
E0037,"Divya Reddy",Male,T001,M001,P002,C002,S001,2023-02-10,Active
E0038,"Meera Reddy",Female,T002,M002,P003,C003,S002,2024-03-11,Active
E0039,"Nisha Reddy",Male,T003,M003,P004,C004,S003,2025-04-12,Active
E0040,"Swathi Reddy",Female,T004,M004,P005,C005,S004,2021-05-13,Inactive
E0041,"Aarav Kumar",Male,T005,M005,P001,C001,S001,2022-06-14,Active
E0042,"Vivaan Kumar",Female,T006,M006,P002,C002,S002,2023-07-15,Active
E0043,"Aditya Kumar",Male,T001,M001,P003,C003,S003,2024-08-16,Active
E0044,"Arjun Kumar",Female,T002,M002,P004,C004,S004,2025-09-17,Active
E0045,"Sai Kumar",Male,T003,M003,P005,C005,S001,2021-10-18,Active
E0046,"Rahul Kumar",Female,T004,M004,P001,C001,S002,2022-11-19,Active
E0047,"Rohit Kumar",Male,T005,M005,P002,C002,S003,2023-12-20,Active
E0048,"Kiran Kumar",Female,T006,M006,P003,C003,S004,2024-01-21,Active
E0049,"Akash Kumar",Male,T001,M001,P004,C004,S001,2025-02-22,Active
E0050,"Amit Kumar",Female,T002,M002,P005,C005,S002,2021-03-23,Inactive
E0051,"Priya Kumar",Male,T003,M003,P001,C001,S003,2022-04-24,Active
E0052,"Ananya Kumar",Female,T004,M004,P002,C002,S004,2023-05-25,Active
E0053,"Sneha Kumar",Male,T005,M005,P003,C003,S001,2024-06-26,Active
E0054,"Pooja Kumar",Female,T006,M006,P004,C004,S002,2025-07-27,Active
E0055,"Neha Kumar",Male,T001,M001,P005,C005,S003,2021-08-28,Active
E0056,"Kavya Kumar",Female,T002,M002,P001,C001,S004,2022-09-01,Active
E0057,"Divya Kumar",Male,T003,M003,P002,C002,S001,2023-10-02,Active
E0058,"Meera Kumar",Female,T004,M004,P003,C003,S002,2024-11-03,Active
E0059,"Nisha Kumar",Male,T005,M005,P004,C004,S003,2025-12-04,Active
E0060,"Swathi Kumar",Female,T006,M006,P005,C005,S004,2021-01-05,Inactive
E0061,"Aarav Patel",Male,T001,M001,P001,C001,S001,2022-02-06,Active
E0062,"Vivaan Patel",Female,T002,M002,P002,C002,S002,2023-03-07,Active
E0063,"Aditya Patel",Male,T003,M003,P003,C003,S003,2024-04-08,Active
E0064,"Arjun Patel",Female,T004,M004,P004,C004,S004,2025-05-09,Active
E0065,"Sai Patel",Male,T005,M005,P005,C005,S001,2021-06-10,Active
E0066,"Rahul Patel",Female,T006,M006,P001,C001,S002,2022-07-11,Active
E0067,"Rohit Patel",Male,T001,M001,P002,C002,S003,2023-08-12,Active
E0068,"Kiran Patel",Female,T002,M002,P003,C003,S004,2024-09-13,Active
E0069,"Akash Patel",Male,T003,M003,P004,C004,S001,2025-10-14,Active
E0070,"Amit Patel",Female,T004,M004,P005,C005,S002,2021-11-15,Inactive
E0071,"Priya Patel",Male,T005,M005,P001,C001,S003,2022-12-16,Active
E0072,"Ananya Patel",Female,T006,M006,P002,C002,S004,2023-01-17,Active
E0073,"Sneha Patel",Male,T001,M001,P003,C003,S001,2024-02-18,Active
E0074,"Pooja Patel",Female,T002,M002,P004,C004,S002,2025-03-19,Active
E0075,"Neha Patel",Male,T003,M003,P005,C005,S003,2021-04-20,Active
E0076,"Kavya Patel",Female,T004,M004,P001,C001,S004,2022-05-21,Active
E0077,"Divya Patel",Male,T005,M005,P002,C002,S001,2023-06-22,Active
E0078,"Meera Patel",Female,T006,M006,P003,C003,S002,2024-07-23,Active
E0079,"Nisha Patel",Male,T001,M001,P004,C004,S003,2025-08-24,Active
E0080,"Swathi Patel",Female,T002,M002,P005,C005,S004,2021-09-25,Inactive
E0081,"Aarav Singh",Male,T003,M003,P001,C001,S001,2022-10-26,Active
E0082,"Vivaan Singh",Female,T004,M004,P002,C002,S002,2023-11-27,Active
E0083,"Aditya Singh",Male,T005,M005,P003,C003,S003,2024-12-28,Active
E0084,"Arjun Singh",Female,T006,M006,P004,C004,S004,2025-01-01,Active
E0085,"Sai Singh",Male,T001,M001,P005,C005,S001,2021-02-02,Active
E0086,"Rahul Singh",Female,T002,M002,P001,C001,S002,2022-03-03,Active
E0087,"Rohit Singh",Male,T003,M003,P002,C002,S003,2023-04-04,Active
E0088,"Kiran Singh",Female,T004,M004,P003,C003,S004,2024-05-05,Active
E0089,"Akash Singh",Male,T005,M005,P004,C004,S001,2025-06-06,Active
E0090,"Amit Singh",Female,T006,M006,P005,C005,S002,2021-07-07,Inactive
E0091,"Priya Singh",Male,T001,M001,P001,C001,S003,2022-08-08,Active
E0092,"Ananya Singh",Female,T002,M002,P002,C002,S004,2023-09-09,Active
E0093,"Sneha Singh",Male,T003,M003,P003,C003,S001,2024-10-10,Active
E0094,"Pooja Singh",Female,T004,M004,P004,C004,S002,2025-11-11,Active
E0095,"Neha Singh",Male,T005,M005,P005,C005,S003,2021-12-12,Active
E0096,"Kavya Singh",Female,T006,M006,P001,C001,S004,2022-01-13,Active
E0097,"Divya Singh",Male,T001,M001,P002,C002,S001,2023-02-14,Active
E0098,"Meera Singh",Female,T002,M002,P003,C003,S002,2024-03-15,Active
E0099,"Nisha Singh",Male,T003,M003,P004,C004,S003,2025-04-16,Active
E0100,"Swathi Singh",Female,T004,M004,P005,C005,S004,2021-05-17,Inactive
E0101,"Aarav Gupta",Male,T005,M005,P001,C001,S001,2022-06-18,Active
E0102,"Vivaan Gupta",Female,T006,M006,P002,C002,S002,2023-07-19,Active
E0103,"Aditya Gupta",Male,T001,M001,P003,C003,S003,2024-08-20,Active
E0104,"Arjun Gupta",Female,T002,M002,P004,C004,S004,2025-09-21,Active
E0105,"Sai Gupta",Male,T003,M003,P005,C005,S001,2021-10-22,Active
E0106,"Rahul Gupta",Female,T004,M004,P001,C001,S002,2022-11-23,Active
E0107,"Rohit Gupta",Male,T005,M005,P002,C002,S003,2023-12-24,Active
E0108,"Kiran Gupta",Female,T006,M006,P003,C003,S004,2024-01-25,Active
E0109,"Akash Gupta",Male,T001,M001,P004,C004,S001,2025-02-26,Active
E0110,"Amit Gupta",Female,T002,M002,P005,C005,S002,2021-03-27,Inactive
E0111,"Priya Gupta",Male,T003,M003,P001,C001,S003,2022-04-28,Active
E0112,"Ananya Gupta",Female,T004,M004,P002,C002,S004,2023-05-01,Active
E0113,"Sneha Gupta",Male,T005,M005,P003,C003,S001,2024-06-02,Active
E0114,"Pooja Gupta",Female,T006,M006,P004,C004,S002,2025-07-03,Active
E0115,"Neha Gupta",Male,T001,M001,P005,C005,S003,2021-08-04,Active
E0116,"Kavya Gupta",Female,T002,M002,P001,C001,S004,2022-09-05,Active
E0117,"Divya Gupta",Male,T003,M003,P002,C002,S001,2023-10-06,Active
E0118,"Meera Gupta",Female,T004,M004,P003,C003,S002,2024-11-07,Active
E0119,"Nisha Gupta",Male,T005,M005,P004,C004,S003,2025-12-08,Active
E0120,"Swathi Gupta",Female,T006,M006,P005,C005,S004,2021-01-09,Inactive
E0121,"Aarav Nair",Male,T001,M001,P001,C001,S001,2022-02-10,Active
E0122,"Vivaan Nair",Female,T002,M002,P002,C002,S002,2023-03-11,Active
E0123,"Aditya Nair",Male,T003,M003,P003,C003,S003,2024-04-12,Active
E0124,"Arjun Nair",Female,T004,M004,P004,C004,S004,2025-05-13,Active
E0125,"Sai Nair",Male,T005,M005,P005,C005,S001,2021-06-14,Active
E0126,"Rahul Nair",Female,T006,M006,P001,C001,S002,2022-07-15,Active
E0127,"Rohit Nair",Male,T001,M001,P002,C002,S003,2023-08-16,Active
E0128,"Kiran Nair",Female,T002,M002,P003,C003,S004,2024-09-17,Active
E0129,"Akash Nair",Male,T003,M003,P004,C004,S001,2025-10-18,Active
E0130,"Amit Nair",Female,T004,M004,P005,C005,S002,2021-11-19,Inactive
E0131,"Priya Nair",Male,T005,M005,P001,C001,S003,2022-12-20,Active
E0132,"Ananya Nair",Female,T006,M006,P002,C002,S004,2023-01-21,Active
E0133,"Sneha Nair",Male,T001,M001,P003,C003,S001,2024-02-22,Active
E0134,"Pooja Nair",Female,T002,M002,P004,C004,S002,2025-03-23,Active
E0135,"Neha Nair",Male,T003,M003,P005,C005,S003,2021-04-24,Active
E0136,"Kavya Nair",Female,T004,M004,P001,C001,S004,2022-05-25,Active
E0137,"Divya Nair",Male,T005,M005,P002,C002,S001,2023-06-26,Active
E0138,"Meera Nair",Female,T006,M006,P003,C003,S002,2024-07-27,Active
E0139,"Nisha Nair",Male,T001,M001,P004,C004,S003,2025-08-28,Active
E0140,"Swathi Nair",Female,T002,M002,P005,C005,S004,2021-09-01,Inactive
E0141,"Aarav Iyer",Male,T003,M003,P001,C001,S001,2022-10-02,Active
E0142,"Vivaan Iyer",Female,T004,M004,P002,C002,S002,2023-11-03,Active
E0143,"Aditya Iyer",Male,T005,M005,P003,C003,S003,2024-12-04,Active
E0144,"Arjun Iyer",Female,T006,M006,P004,C004,S004,2025-01-05,Active
E0145,"Sai Iyer",Male,T001,M001,P005,C005,S001,2021-02-06,Active
E0146,"Rahul Iyer",Female,T002,M002,P001,C001,S002,2022-03-07,Active
E0147,"Rohit Iyer",Male,T003,M003,P002,C002,S003,2023-04-08,Active
E0148,"Kiran Iyer",Female,T004,M004,P003,C003,S004,2024-05-09,Active
E0149,"Akash Iyer",Male,T005,M005,P004,C004,S001,2025-06-10,Active
E0150,"Amit Iyer",Female,T006,M006,P005,C005,S002,2021-07-11,Inactive
E0151,"Priya Iyer",Male,T001,M001,P001,C001,S003,2022-08-12,Active
E0152,"Ananya Iyer",Female,T002,M002,P002,C002,S004,2023-09-13,Active
E0153,"Sneha Iyer",Male,T003,M003,P003,C003,S001,2024-10-14,Active
E0154,"Pooja Iyer",Female,T004,M004,P004,C004,S002,2025-11-15,Active
E0155,"Neha Iyer",Male,T005,M005,P005,C005,S003,2021-12-16,Active
E0156,"Kavya Iyer",Female,T006,M006,P001,C001,S004,2022-01-17,Active
E0157,"Divya Iyer",Male,T001,M001,P002,C002,S001,2023-02-18,Active
E0158,"Meera Iyer",Female,T002,M002,P003,C003,S002,2024-03-19,Active
E0159,"Nisha Iyer",Male,T003,M003,P004,C004,S003,2025-04-20,Active
E0160,"Swathi Iyer",Female,T004,M004,P005,C005,S004,2021-05-21,Inactive
E0161,"Aarav Verma",Male,T005,M005,P001,C001,S001,2022-06-22,Active
E0162,"Vivaan Verma",Female,T006,M006,P002,C002,S002,2023-07-23,Active
E0163,"Aditya Verma",Male,T001,M001,P003,C003,S003,2024-08-24,Active
E0164,"Arjun Verma",Female,T002,M002,P004,C004,S004,2025-09-25,Active
E0165,"Sai Verma",Male,T003,M003,P005,C005,S001,2021-10-26,Active
E0166,"Rahul Verma",Female,T004,M004,P001,C001,S002,2022-11-27,Active
E0167,"Rohit Verma",Male,T005,M005,P002,C002,S003,2023-12-28,Active
E0168,"Kiran Verma",Female,T006,M006,P003,C003,S004,2024-01-01,Active
E0169,"Akash Verma",Male,T001,M001,P004,C004,S001,2025-02-02,Active
E0170,"Amit Verma",Female,T002,M002,P005,C005,S002,2021-03-03,Inactive
E0171,"Priya Verma",Male,T003,M003,P001,C001,S003,2022-04-04,Active
E0172,"Ananya Verma",Female,T004,M004,P002,C002,S004,2023-05-05,Active
E0173,"Sneha Verma",Male,T005,M005,P003,C003,S001,2024-06-06,Active
E0174,"Pooja Verma",Female,T006,M006,P004,C004,S002,2025-07-07,Active
E0175,"Neha Verma",Male,T001,M001,P005,C005,S003,2021-08-08,Active
E0176,"Kavya Verma",Female,T002,M002,P001,C001,S004,2022-09-09,Active
E0177,"Divya Verma",Male,T003,M003,P002,C002,S001,2023-10-10,Active
E0178,"Meera Verma",Female,T004,M004,P003,C003,S002,2024-11-11,Active
E0179,"Nisha Verma",Male,T005,M005,P004,C004,S003,2025-12-12,Active
E0180,"Swathi Verma",Female,T006,M006,P005,C005,S004,2021-01-13,Inactive
E0181,"Aarav Joshi",Male,T001,M001,P001,C001,S001,2022-02-14,Active
E0182,"Vivaan Joshi",Female,T002,M002,P002,C002,S002,2023-03-15,Active
E0183,"Aditya Joshi",Male,T003,M003,P003,C003,S003,2024-04-16,Active
E0184,"Arjun Joshi",Female,T004,M004,P004,C004,S004,2025-05-17,Active
E0185,"Sai Joshi",Male,T005,M005,P005,C005,S001,2021-06-18,Active
E0186,"Rahul Joshi",Female,T006,M006,P001,C001,S002,2022-07-19,Active
E0187,"Rohit Joshi",Male,T001,M001,P002,C002,S003,2023-08-20,Active
E0188,"Kiran Joshi",Female,T002,M002,P003,C003,S004,2024-09-21,Active
E0189,"Akash Joshi",Male,T003,M003,P004,C004,S001,2025-10-22,Active
E0190,"Amit Joshi",Female,T004,M004,P005,C005,S002,2021-11-23,Inactive
E0191,"Priya Joshi",Male,T005,M005,P001,C001,S003,2022-12-24,Active
E0192,"Ananya Joshi",Female,T006,M006,P002,C002,S004,2023-01-25,Active
E0193,"Sneha Joshi",Male,T001,M001,P003,C003,S001,2024-02-26,Active
E0194,"Pooja Joshi",Female,T002,M002,P004,C004,S002,2025-03-27,Active
E0195,"Neha Joshi",Male,T003,M003,P005,C005,S003,2021-04-28,Active
E0196,"Kavya Joshi",Female,T004,M004,P001,C001,S004,2022-05-01,Active
E0197,"Divya Joshi",Male,T005,M005,P002,C002,S001,2023-06-02,Active
E0198,"Meera Joshi",Female,T006,M006,P003,C003,S002,2024-07-03,Active
E0199,"Nisha Joshi",Male,T001,M001,P004,C004,S003,2025-08-04,Active
E0200,"Swathi Joshi",Female,T002,M002,P005,C005,S004,2021-09-05,Inactive
E0201,"Aarav Sharma",Male,T003,M003,P001,C001,S001,2022-10-06,Active
E0202,"Vivaan Sharma",Female,T004,M004,P002,C002,S002,2023-11-07,Active
E0203,"Aditya Sharma",Male,T005,M005,P003,C003,S003,2024-12-08,Active
E0204,"Arjun Sharma",Female,T006,M006,P004,C004,S004,2025-01-09,Active
E0205,"Sai Sharma",Male,T001,M001,P005,C005,S001,2021-02-10,Active
E0206,"Rahul Sharma",Female,T002,M002,P001,C001,S002,2022-03-11,Active
E0207,"Rohit Sharma",Male,T003,M003,P002,C002,S003,2023-04-12,Active
E0208,"Kiran Sharma",Female,T004,M004,P003,C003,S004,2024-05-13,Active
E0209,"Akash Sharma",Male,T005,M005,P004,C004,S001,2025-06-14,Active
E0210,"Amit Sharma",Female,T006,M006,P005,C005,S002,2021-07-15,Inactive
E0211,"Priya Sharma",Male,T001,M001,P001,C001,S003,2022-08-16,Active
E0212,"Ananya Sharma",Female,T002,M002,P002,C002,S004,2023-09-17,Active
E0213,"Sneha Sharma",Male,T003,M003,P003,C003,S001,2024-10-18,Active
E0214,"Pooja Sharma",Female,T004,M004,P004,C004,S002,2025-11-19,Active
E0215,"Neha Sharma",Male,T005,M005,P005,C005,S003,2021-12-20,Active
E0216,"Kavya Sharma",Female,T006,M006,P001,C001,S004,2022-01-21,Active
E0217,"Divya Sharma",Male,T001,M001,P002,C002,S001,2023-02-22,Active
E0218,"Meera Sharma",Female,T002,M002,P003,C003,S002,2024-03-23,Active
E0219,"Nisha Sharma",Male,T003,M003,P004,C004,S003,2025-04-24,Active
E0220,"Swathi Sharma",Female,T004,M004,P005,C005,S004,2021-05-25,Inactive
E0221,"Aarav Reddy",Male,T005,M005,P001,C001,S001,2022-06-26,Active
E0222,"Vivaan Reddy",Female,T006,M006,P002,C002,S002,2023-07-27,Active
E0223,"Aditya Reddy",Male,T001,M001,P003,C003,S003,2024-08-28,Active
E0224,"Arjun Reddy",Female,T002,M002,P004,C004,S004,2025-09-01,Active
E0225,"Sai Reddy",Male,T003,M003,P005,C005,S001,2021-10-02,Active
E0226,"Rahul Reddy",Female,T004,M004,P001,C001,S002,2022-11-03,Active
E0227,"Rohit Reddy",Male,T005,M005,P002,C002,S003,2023-12-04,Active
E0228,"Kiran Reddy",Female,T006,M006,P003,C003,S004,2024-01-05,Active
E0229,"Akash Reddy",Male,T001,M001,P004,C004,S001,2025-02-06,Active
E0230,"Amit Reddy",Female,T002,M002,P005,C005,S002,2021-03-07,Inactive
E0231,"Priya Reddy",Male,T003,M003,P001,C001,S003,2022-04-08,Active
E0232,"Ananya Reddy",Female,T004,M004,P002,C002,S004,2023-05-09,Active
E0233,"Sneha Reddy",Male,T005,M005,P003,C003,S001,2024-06-10,Active
E0234,"Pooja Reddy",Female,T006,M006,P004,C004,S002,2025-07-11,Active
E0235,"Neha Reddy",Male,T001,M001,P005,C005,S003,2021-08-12,Active
E0236,"Kavya Reddy",Female,T002,M002,P001,C001,S004,2022-09-13,Active
E0237,"Divya Reddy",Male,T003,M003,P002,C002,S001,2023-10-14,Active
E0238,"Meera Reddy",Female,T004,M004,P003,C003,S002,2024-11-15,Active
E0239,"Nisha Reddy",Male,T005,M005,P004,C004,S003,2025-12-16,Active
E0240,"Swathi Reddy",Female,T006,M006,P005,C005,S004,2021-01-17,Inactive
E0241,"Aarav Kumar",Male,T001,M001,P001,C001,S001,2022-02-18,Active
E0242,"Vivaan Kumar",Female,T002,M002,P002,C002,S002,2023-03-19,Active
E0243,"Aditya Kumar",Male,T003,M003,P003,C003,S003,2024-04-20,Active
E0244,"Arjun Kumar",Female,T004,M004,P004,C004,S004,2025-05-21,Active
E0245,"Sai Kumar",Male,T005,M005,P005,C005,S001,2021-06-22,Active
E0246,"Rahul Kumar",Female,T006,M006,P001,C001,S002,2022-07-23,Active
E0247,"Rohit Kumar",Male,T001,M001,P002,C002,S003,2023-08-24,Active
E0248,"Kiran Kumar",Female,T002,M002,P003,C003,S004,2024-09-25,Active
E0249,"Akash Kumar",Male,T003,M003,P004,C004,S001,2025-10-26,Active
E0250,"Amit Kumar",Female,T004,M004,P005,C005,S002,2021-11-27,Inactive
E0251,"Priya Kumar",Male,T005,M005,P001,C001,S003,2022-12-28,Active
E0252,"Ananya Kumar",Female,T006,M006,P002,C002,S004,2023-01-01,Active
E0253,"Sneha Kumar",Male,T001,M001,P003,C003,S001,2024-02-02,Active
E0254,"Pooja Kumar",Female,T002,M002,P004,C004,S002,2025-03-03,Active
E0255,"Neha Kumar",Male,T003,M003,P005,C005,S003,2021-04-04,Active
E0256,"Kavya Kumar",Female,T004,M004,P001,C001,S004,2022-05-05,Active
E0257,"Divya Kumar",Male,T005,M005,P002,C002,S001,2023-06-06,Active
E0258,"Meera Kumar",Female,T006,M006,P003,C003,S002,2024-07-07,Active
E0259,"Nisha Kumar",Male,T001,M001,P004,C004,S003,2025-08-08,Active
E0260,"Swathi Kumar",Female,T002,M002,P005,C005,S004,2021-09-09,Inactive
E0261,"Aarav Patel",Male,T003,M003,P001,C001,S001,2022-10-10,Active
E0262,"Vivaan Patel",Female,T004,M004,P002,C002,S002,2023-11-11,Active
E0263,"Aditya Patel",Male,T005,M005,P003,C003,S003,2024-12-12,Active
E0264,"Arjun Patel",Female,T006,M006,P004,C004,S004,2025-01-13,Active
E0265,"Sai Patel",Male,T001,M001,P005,C005,S001,2021-02-14,Active
E0266,"Rahul Patel",Female,T002,M002,P001,C001,S002,2022-03-15,Active
E0267,"Rohit Patel",Male,T003,M003,P002,C002,S003,2023-04-16,Active
E0268,"Kiran Patel",Female,T004,M004,P003,C003,S004,2024-05-17,Active
E0269,"Akash Patel",Male,T005,M005,P004,C004,S001,2025-06-18,Active
E0270,"Amit Patel",Female,T006,M006,P005,C005,S002,2021-07-19,Inactive
E0271,"Priya Patel",Male,T001,M001,P001,C001,S003,2022-08-20,Active
E0272,"Ananya Patel",Female,T002,M002,P002,C002,S004,2023-09-21,Active
E0273,"Sneha Patel",Male,T003,M003,P003,C003,S001,2024-10-22,Active
E0274,"Pooja Patel",Female,T004,M004,P004,C004,S002,2025-11-23,Active
E0275,"Neha Patel",Male,T005,M005,P005,C005,S003,2021-12-24,Active
E0276,"Kavya Patel",Female,T006,M006,P001,C001,S004,2022-01-25,Active
E0277,"Divya Patel",Male,T001,M001,P002,C002,S001,2023-02-26,Active
E0278,"Meera Patel",Female,T002,M002,P003,C003,S002,2024-03-27,Active
E0279,"Nisha Patel",Male,T003,M003,P004,C004,S003,2025-04-28,Active
E0280,"Swathi Patel",Female,T004,M004,P005,C005,S004,2021-05-01,Inactive
E0281,"Aarav Singh",Male,T005,M005,P001,C001,S001,2022-06-02,Active
E0282,"Vivaan Singh",Female,T006,M006,P002,C002,S002,2023-07-03,Active
E0283,"Aditya Singh",Male,T001,M001,P003,C003,S003,2024-08-04,Active
E0284,"Arjun Singh",Female,T002,M002,P004,C004,S004,2025-09-05,Active
E0285,"Sai Singh",Male,T003,M003,P005,C005,S001,2021-10-06,Active
E0286,"Rahul Singh",Female,T004,M004,P001,C001,S002,2022-11-07,Active
E0287,"Rohit Singh",Male,T005,M005,P002,C002,S003,2023-12-08,Active
E0288,"Kiran Singh",Female,T006,M006,P003,C003,S004,2024-01-09,Active
E0289,"Akash Singh",Male,T001,M001,P004,C004,S001,2025-02-10,Active
E0290,"Amit Singh",Female,T002,M002,P005,C005,S002,2021-03-11,Inactive
E0291,"Priya Singh",Male,T003,M003,P001,C001,S003,2022-04-12,Active
E0292,"Ananya Singh",Female,T004,M004,P002,C002,S004,2023-05-13,Active
E0293,"Sneha Singh",Male,T005,M005,P003,C003,S001,2024-06-14,Active
E0294,"Pooja Singh",Female,T006,M006,P004,C004,S002,2025-07-15,Active
E0295,"Neha Singh",Male,T001,M001,P005,C005,S003,2021-08-16,Active
E0296,"Kavya Singh",Female,T002,M002,P001,C001,S004,2022-09-17,Active
E0297,"Divya Singh",Male,T003,M003,P002,C002,S001,2023-10-18,Active
E0298,"Meera Singh",Female,T004,M004,P003,C003,S002,2024-11-19,Active
E0299,"Nisha Singh",Male,T005,M005,P004,C004,S003,2025-12-20,Active
E0300,"Swathi Singh",Female,T006,M006,P005,C005,S004,2021-01-21,Inactive
E0301,"Aarav Gupta",Male,T001,M001,P001,C001,S001,2022-02-22,Active
E0302,"Vivaan Gupta",Female,T002,M002,P002,C002,S002,2023-03-23,Active
E0303,"Aditya Gupta",Male,T003,M003,P003,C003,S003,2024-04-24,Active
E0304,"Arjun Gupta",Female,T004,M004,P004,C004,S004,2025-05-25,Active
E0305,"Sai Gupta",Male,T005,M005,P005,C005,S001,2021-06-26,Active
E0306,"Rahul Gupta",Female,T006,M006,P001,C001,S002,2022-07-27,Active
E0307,"Rohit Gupta",Male,T001,M001,P002,C002,S003,2023-08-28,Active
E0308,"Kiran Gupta",Female,T002,M002,P003,C003,S004,2024-09-01,Active
E0309,"Akash Gupta",Male,T003,M003,P004,C004,S001,2025-10-02,Active
E0310,"Amit Gupta",Female,T004,M004,P005,C005,S002,2021-11-03,Inactive
E0311,"Priya Gupta",Male,T005,M005,P001,C001,S003,2022-12-04,Active
E0312,"Ananya Gupta",Female,T006,M006,P002,C002,S004,2023-01-05,Active
E0313,"Sneha Gupta",Male,T001,M001,P003,C003,S001,2024-02-06,Active
E0314,"Pooja Gupta",Female,T002,M002,P004,C004,S002,2025-03-07,Active
E0315,"Neha Gupta",Male,T003,M003,P005,C005,S003,2021-04-08,Active
E0316,"Kavya Gupta",Female,T004,M004,P001,C001,S004,2022-05-09,Active
E0317,"Divya Gupta",Male,T005,M005,P002,C002,S001,2023-06-10,Active
E0318,"Meera Gupta",Female,T006,M006,P003,C003,S002,2024-07-11,Active
E0319,"Nisha Gupta",Male,T001,M001,P004,C004,S003,2025-08-12,Active
E0320,"Swathi Gupta",Female,T002,M002,P005,C005,S004,2021-09-13,Inactive
E0321,"Aarav Nair",Male,T003,M003,P001,C001,S001,2022-10-14,Active
E0322,"Vivaan Nair",Female,T004,M004,P002,C002,S002,2023-11-15,Active
E0323,"Aditya Nair",Male,T005,M005,P003,C003,S003,2024-12-16,Active
E0324,"Arjun Nair",Female,T006,M006,P004,C004,S004,2025-01-17,Active
E0325,"Sai Nair",Male,T001,M001,P005,C005,S001,2021-02-18,Active
E0326,"Rahul Nair",Female,T002,M002,P001,C001,S002,2022-03-19,Active
E0327,"Rohit Nair",Male,T003,M003,P002,C002,S003,2023-04-20,Active
E0328,"Kiran Nair",Female,T004,M004,P003,C003,S004,2024-05-21,Active
E0329,"Akash Nair",Male,T005,M005,P004,C004,S001,2025-06-22,Active
E0330,"Amit Nair",Female,T006,M006,P005,C005,S002,2021-07-23,Inactive
E0331,"Priya Nair",Male,T001,M001,P001,C001,S003,2022-08-24,Active
E0332,"Ananya Nair",Female,T002,M002,P002,C002,S004,2023-09-25,Active
E0333,"Sneha Nair",Male,T003,M003,P003,C003,S001,2024-10-26,Active
E0334,"Pooja Nair",Female,T004,M004,P004,C004,S002,2025-11-27,Active
E0335,"Neha Nair",Male,T005,M005,P005,C005,S003,2021-12-28,Active
E0336,"Kavya Nair",Female,T006,M006,P001,C001,S004,2022-01-01,Active
E0337,"Divya Nair",Male,T001,M001,P002,C002,S001,2023-02-02,Active
E0338,"Meera Nair",Female,T002,M002,P003,C003,S002,2024-03-03,Active
E0339,"Nisha Nair",Male,T003,M003,P004,C004,S003,2025-04-04,Active
E0340,"Swathi Nair",Female,T004,M004,P005,C005,S004,2021-05-05,Inactive
E0341,"Aarav Iyer",Male,T005,M005,P001,C001,S001,2022-06-06,Active
E0342,"Vivaan Iyer",Female,T006,M006,P002,C002,S002,2023-07-07,Active
E0343,"Aditya Iyer",Male,T001,M001,P003,C003,S003,2024-08-08,Active
E0344,"Arjun Iyer",Female,T002,M002,P004,C004,S004,2025-09-09,Active
E0345,"Sai Iyer",Male,T003,M003,P005,C005,S001,2021-10-10,Active
E0346,"Rahul Iyer",Female,T004,M004,P001,C001,S002,2022-11-11,Active
E0347,"Rohit Iyer",Male,T005,M005,P002,C002,S003,2023-12-12,Active
E0348,"Kiran Iyer",Female,T006,M006,P003,C003,S004,2024-01-13,Active
E0349,"Akash Iyer",Male,T001,M001,P004,C004,S001,2025-02-14,Active
E0350,"Amit Iyer",Female,T002,M002,P005,C005,S002,2021-03-15,Inactive
E0351,"Priya Iyer",Male,T003,M003,P001,C001,S003,2022-04-16,Active
E0352,"Ananya Iyer",Female,T004,M004,P002,C002,S004,2023-05-17,Active
E0353,"Sneha Iyer",Male,T005,M005,P003,C003,S001,2024-06-18,Active
E0354,"Pooja Iyer",Female,T006,M006,P004,C004,S002,2025-07-19,Active
E0355,"Neha Iyer",Male,T001,M001,P005,C005,S003,2021-08-20,Active
E0356,"Kavya Iyer",Female,T002,M002,P001,C001,S004,2022-09-21,Active
E0357,"Divya Iyer",Male,T003,M003,P002,C002,S001,2023-10-22,Active
E0358,"Meera Iyer",Female,T004,M004,P003,C003,S002,2024-11-23,Active
E0359,"Nisha Iyer",Male,T005,M005,P004,C004,S003,2025-12-24,Active
E0360,"Swathi Iyer",Female,T006,M006,P005,C005,S004,2021-01-25,Inactive
E0361,"Aarav Verma",Male,T001,M001,P001,C001,S001,2022-02-26,Active
E0362,"Vivaan Verma",Female,T002,M002,P002,C002,S002,2023-03-27,Active
E0363,"Aditya Verma",Male,T003,M003,P003,C003,S003,2024-04-28,Active
E0364,"Arjun Verma",Female,T004,M004,P004,C004,S004,2025-05-01,Active
E0365,"Sai Verma",Male,T005,M005,P005,C005,S001,2021-06-02,Active
E0366,"Rahul Verma",Female,T006,M006,P001,C001,S002,2022-07-03,Active
E0367,"Rohit Verma",Male,T001,M001,P002,C002,S003,2023-08-04,Active
E0368,"Kiran Verma",Female,T002,M002,P003,C003,S004,2024-09-05,Active
E0369,"Akash Verma",Male,T003,M003,P004,C004,S001,2025-10-06,Active
E0370,"Amit Verma",Female,T004,M004,P005,C005,S002,2021-11-07,Inactive
E0371,"Priya Verma",Male,T005,M005,P001,C001,S003,2022-12-08,Active
E0372,"Ananya Verma",Female,T006,M006,P002,C002,S004,2023-01-09,Active
E0373,"Sneha Verma",Male,T001,M001,P003,C003,S001,2024-02-10,Active
E0374,"Pooja Verma",Female,T002,M002,P004,C004,S002,2025-03-11,Active
E0375,"Neha Verma",Male,T003,M003,P005,C005,S003,2021-04-12,Active
E0376,"Kavya Verma",Female,T004,M004,P001,C001,S004,2022-05-13,Active
E0377,"Divya Verma",Male,T005,M005,P002,C002,S001,2023-06-14,Active
E0378,"Meera Verma",Female,T006,M006,P003,C003,S002,2024-07-15,Active
E0379,"Nisha Verma",Male,T001,M001,P004,C004,S003,2025-08-16,Active
E0380,"Swathi Verma",Female,T002,M002,P005,C005,S004,2021-09-17,Inactive
E0381,"Aarav Joshi",Male,T003,M003,P001,C001,S001,2022-10-18,Active
E0382,"Vivaan Joshi",Female,T004,M004,P002,C002,S002,2023-11-19,Active
E0383,"Aditya Joshi",Male,T005,M005,P003,C003,S003,2024-12-20,Active
E0384,"Arjun Joshi",Female,T006,M006,P004,C004,S004,2025-01-21,Active
E0385,"Sai Joshi",Male,T001,M001,P005,C005,S001,2021-02-22,Active
E0386,"Rahul Joshi",Female,T002,M002,P001,C001,S002,2022-03-23,Active
E0387,"Rohit Joshi",Male,T003,M003,P002,C002,S003,2023-04-24,Active
E0388,"Kiran Joshi",Female,T004,M004,P003,C003,S004,2024-05-25,Active
E0389,"Akash Joshi",Male,T005,M005,P004,C004,S001,2025-06-26,Active
E0390,"Amit Joshi",Female,T006,M006,P005,C005,S002,2021-07-27,Inactive
E0391,"Priya Joshi",Male,T001,M001,P001,C001,S003,2022-08-28,Active
E0392,"Ananya Joshi",Female,T002,M002,P002,C002,S004,2023-09-01,Active
E0393,"Sneha Joshi",Male,T003,M003,P003,C003,S001,2024-10-02,Active
E0394,"Pooja Joshi",Female,T004,M004,P004,C004,S002,2025-11-03,Active
E0395,"Neha Joshi",Male,T005,M005,P005,C005,S003,2021-12-04,Active
E0396,"Kavya Joshi",Female,T006,M006,P001,C001,S004,2022-01-05,Active
E0397,"Divya Joshi",Male,T001,M001,P002,C002,S001,2023-02-06,Active
E0398,"Meera Joshi",Female,T002,M002,P003,C003,S002,2024-03-07,Active
E0399,"Nisha Joshi",Male,T003,M003,P004,C004,S003,2025-04-08,Active
E0400,"Swathi Joshi",Female,T004,M004,P005,C005,S004,2021-05-09,Inactive
E0401,"Aarav Sharma",Male,T005,M005,P001,C001,S001,2022-06-10,Active
E0402,"Vivaan Sharma",Female,T006,M006,P002,C002,S002,2023-07-11,Active
E0403,"Aditya Sharma",Male,T001,M001,P003,C003,S003,2024-08-12,Active
E0404,"Arjun Sharma",Female,T002,M002,P004,C004,S004,2025-09-13,Active
E0405,"Sai Sharma",Male,T003,M003,P005,C005,S001,2021-10-14,Active
E0406,"Rahul Sharma",Female,T004,M004,P001,C001,S002,2022-11-15,Active
E0407,"Rohit Sharma",Male,T005,M005,P002,C002,S003,2023-12-16,Active
E0408,"Kiran Sharma",Female,T006,M006,P003,C003,S004,2024-01-17,Active
E0409,"Akash Sharma",Male,T001,M001,P004,C004,S001,2025-02-18,Active
E0410,"Amit Sharma",Female,T002,M002,P005,C005,S002,2021-03-19,Inactive
E0411,"Priya Sharma",Male,T003,M003,P001,C001,S003,2022-04-20,Active
E0412,"Ananya Sharma",Female,T004,M004,P002,C002,S004,2023-05-21,Active
E0413,"Sneha Sharma",Male,T005,M005,P003,C003,S001,2024-06-22,Active
E0414,"Pooja Sharma",Female,T006,M006,P004,C004,S002,2025-07-23,Active
E0415,"Neha Sharma",Male,T001,M001,P005,C005,S003,2021-08-24,Active
E0416,"Kavya Sharma",Female,T002,M002,P001,C001,S004,2022-09-25,Active
E0417,"Divya Sharma",Male,T003,M003,P002,C002,S001,2023-10-26,Active
E0418,"Meera Sharma",Female,T004,M004,P003,C003,S002,2024-11-27,Active
E0419,"Nisha Sharma",Male,T005,M005,P004,C004,S003,2025-12-28,Active
E0420,"Swathi Sharma",Female,T006,M006,P005,C005,S004,2021-01-01,Inactive
E0421,"Aarav Reddy",Male,T001,M001,P001,C001,S001,2022-02-02,Active
E0422,"Vivaan Reddy",Female,T002,M002,P002,C002,S002,2023-03-03,Active
E0423,"Aditya Reddy",Male,T003,M003,P003,C003,S003,2024-04-04,Active
E0424,"Arjun Reddy",Female,T004,M004,P004,C004,S004,2025-05-05,Active
E0425,"Sai Reddy",Male,T005,M005,P005,C005,S001,2021-06-06,Active
E0426,"Rahul Reddy",Female,T006,M006,P001,C001,S002,2022-07-07,Active
E0427,"Rohit Reddy",Male,T001,M001,P002,C002,S003,2023-08-08,Active
E0428,"Kiran Reddy",Female,T002,M002,P003,C003,S004,2024-09-09,Active
E0429,"Akash Reddy",Male,T003,M003,P004,C004,S001,2025-10-10,Active
E0430,"Amit Reddy",Female,T004,M004,P005,C005,S002,2021-11-11,Inactive
E0431,"Priya Reddy",Male,T005,M005,P001,C001,S003,2022-12-12,Active
E0432,"Ananya Reddy",Female,T006,M006,P002,C002,S004,2023-01-13,Active
E0433,"Sneha Reddy",Male,T001,M001,P003,C003,S001,2024-02-14,Active
E0434,"Pooja Reddy",Female,T002,M002,P004,C004,S002,2025-03-15,Active
E0435,"Neha Reddy",Male,T003,M003,P005,C005,S003,2021-04-16,Active
E0436,"Kavya Reddy",Female,T004,M004,P001,C001,S004,2022-05-17,Active
E0437,"Divya Reddy",Male,T005,M005,P002,C002,S001,2023-06-18,Active
E0438,"Meera Reddy",Female,T006,M006,P003,C003,S002,2024-07-19,Active
E0439,"Nisha Reddy",Male,T001,M001,P004,C004,S003,2025-08-20,Active
E0440,"Swathi Reddy",Female,T002,M002,P005,C005,S004,2021-09-21,Inactive
E0441,"Aarav Kumar",Male,T003,M003,P001,C001,S001,2022-10-22,Active
E0442,"Vivaan Kumar",Female,T004,M004,P002,C002,S002,2023-11-23,Active
E0443,"Aditya Kumar",Male,T005,M005,P003,C003,S003,2024-12-24,Active
E0444,"Arjun Kumar",Female,T006,M006,P004,C004,S004,2025-01-25,Active
E0445,"Sai Kumar",Male,T001,M001,P005,C005,S001,2021-02-26,Active
E0446,"Rahul Kumar",Female,T002,M002,P001,C001,S002,2022-03-27,Active
E0447,"Rohit Kumar",Male,T003,M003,P002,C002,S003,2023-04-28,Active
E0448,"Kiran Kumar",Female,T004,M004,P003,C003,S004,2024-05-01,Active
E0449,"Akash Kumar",Male,T005,M005,P004,C004,S001,2025-06-02,Active
E0450,"Amit Kumar",Female,T006,M006,P005,C005,S002,2021-07-03,Inactive
E0451,"Priya Kumar",Male,T001,M001,P001,C001,S003,2022-08-04,Active
E0452,"Ananya Kumar",Female,T002,M002,P002,C002,S004,2023-09-05,Active
E0453,"Sneha Kumar",Male,T003,M003,P003,C003,S001,2024-10-06,Active
E0454,"Pooja Kumar",Female,T004,M004,P004,C004,S002,2025-11-07,Active
E0455,"Neha Kumar",Male,T005,M005,P005,C005,S003,2021-12-08,Active
E0456,"Kavya Kumar",Female,T006,M006,P001,C001,S004,2022-01-09,Active
E0457,"Divya Kumar",Male,T001,M001,P002,C002,S001,2023-02-10,Active
E0458,"Meera Kumar",Female,T002,M002,P003,C003,S002,2024-03-11,Active
E0459,"Nisha Kumar",Male,T003,M003,P004,C004,S003,2025-04-12,Active
E0460,"Swathi Kumar",Female,T004,M004,P005,C005,S004,2021-05-13,Inactive
E0461,"Aarav Patel",Male,T005,M005,P001,C001,S001,2022-06-14,Active
E0462,"Vivaan Patel",Female,T006,M006,P002,C002,S002,2023-07-15,Active
E0463,"Aditya Patel",Male,T001,M001,P003,C003,S003,2024-08-16,Active
E0464,"Arjun Patel",Female,T002,M002,P004,C004,S004,2025-09-17,Active
E0465,"Sai Patel",Male,T003,M003,P005,C005,S001,2021-10-18,Active
E0466,"Rahul Patel",Female,T004,M004,P001,C001,S002,2022-11-19,Active
E0467,"Rohit Patel",Male,T005,M005,P002,C002,S003,2023-12-20,Active
E0468,"Kiran Patel",Female,T006,M006,P003,C003,S004,2024-01-21,Active
E0469,"Akash Patel",Male,T001,M001,P004,C004,S001,2025-02-22,Active
E0470,"Amit Patel",Female,T002,M002,P005,C005,S002,2021-03-23,Inactive
E0471,"Priya Patel",Male,T003,M003,P001,C001,S003,2022-04-24,Active
E0472,"Ananya Patel",Female,T004,M004,P002,C002,S004,2023-05-25,Active
E0473,"Sneha Patel",Male,T005,M005,P003,C003,S001,2024-06-26,Active
E0474,"Pooja Patel",Female,T006,M006,P004,C004,S002,2025-07-27,Active
E0475,"Neha Patel",Male,T001,M001,P005,C005,S003,2021-08-28,Active
E0476,"Kavya Patel",Female,T002,M002,P001,C001,S004,2022-09-01,Active
E0477,"Divya Patel",Male,T003,M003,P002,C002,S001,2023-10-02,Active
E0478,"Meera Patel",Female,T004,M004,P003,C003,S002,2024-11-03,Active
E0479,"Nisha Patel",Male,T005,M005,P004,C004,S003,2025-12-04,Active
E0480,"Swathi Patel",Female,T006,M006,P005,C005,S004,2021-01-05,Inactive
E0481,"Aarav Singh",Male,T001,M001,P001,C001,S001,2022-02-06,Active
E0482,"Vivaan Singh",Female,T002,M002,P002,C002,S002,2023-03-07,Active
E0483,"Aditya Singh",Male,T003,M003,P003,C003,S003,2024-04-08,Active
E0484,"Arjun Singh",Female,T004,M004,P004,C004,S004,2025-05-09,Active
E0485,"Sai Singh",Male,T005,M005,P005,C005,S001,2021-06-10,Active
E0486,"Rahul Singh",Female,T006,M006,P001,C001,S002,2022-07-11,Active
E0487,"Rohit Singh",Male,T001,M001,P002,C002,S003,2023-08-12,Active
E0488,"Kiran Singh",Female,T002,M002,P003,C003,S004,2024-09-13,Active
E0489,"Akash Singh",Male,T003,M003,P004,C004,S001,2025-10-14,Active
E0490,"Amit Singh",Female,T004,M004,P005,C005,S002,2021-11-15,Inactive
E0491,"Priya Singh",Male,T005,M005,P001,C001,S003,2022-12-16,Active
E0492,"Ananya Singh",Female,T006,M006,P002,C002,S004,2023-01-17,Active
E0493,"Sneha Singh",Male,T001,M001,P003,C003,S001,2024-02-18,Active
E0494,"Pooja Singh",Female,T002,M002,P004,C004,S002,2025-03-19,Active
E0495,"Neha Singh",Male,T003,M003,P005,C005,S003,2021-04-20,Active
E0496,"Kavya Singh",Female,T004,M004,P001,C001,S004,2022-05-21,Active
E0497,"Divya Singh",Male,T005,M005,P002,C002,S001,2023-06-22,Active
E0498,"Meera Singh",Female,T006,M006,P003,C003,S002,2024-07-23,Active
E0499,"Nisha Singh",Male,T001,M001,P004,C004,S003,2025-08-24,Active
E0500,"Swathi Singh",Female,T002,M002,P005,C005,S004,2021-09-25,Inactive
